{
    "in_hospital_mortality_metrics": {
        "Survived": {
            "precision": 0.893368700265252,
            "recall": 0.944475602916433,
            "f1-score": 0.9182115594329335,
            "support": 1783.0
        },
        "Mortality": {
            "precision": 0.23255813953488372,
            "recall": 0.12987012987012986,
            "f1-score": 0.16666666666666666,
            "support": 231.0
        },
        "accuracy": 0.8510427010923535,
        "macro avg": {
            "precision": 0.5629634199000678,
            "recall": 0.5371728663932814,
            "f1-score": 0.5424391130498001,
            "support": 2014.0
        },
        "weighted avg": {
            "precision": 0.8175756319788989,
            "recall": 0.8510427010923535,
            "f1-score": 0.8320115245625226,
            "support": 2014.0
        },
        "auroc": 0.5971695158459038,
        "auprc": 0.16256200777382085
    },
    "modality_usage_analysis": {
        "total_modality_requests": 6042,
        "average_modalities_per_patient": 3.0,
        "request_counts": {
            "patient_summary": 2014,
            "ehr_timeseries": 2014,
            "cxr": 0,
            "radiology_report": 2014
        },
        "percentage_of_patients_requesting_modality": {
            "patient_summary": 1.0,
            "ehr_timeseries": 1.0,
            "cxr": 0.0,
            "radiology_report": 1.0
        },
        "percentage_request_when_available": {
            "cxr": 0.0,
            "radiology_report": 1.1023535851122057
        }
    },
    "total_patients_evaluated": 2014
}