{
    "in_hospital_mortality_metrics": {
        "Survived": {
            "precision": 0.8835913312693499,
            "recall": 0.9882271468144044,
            "f1-score": 0.932984635501798,
            "support": 4332.0
        },
        "Mortality": {
            "precision": 0.3625,
            "recall": 0.048903878583473864,
            "f1-score": 0.0861812778603269,
            "support": 593.0
        },
        "accuracy": 0.8751269035532995,
        "macro avg": {
            "precision": 0.6230456656346749,
            "recall": 0.5185655126989391,
            "f1-score": 0.5095829566810625,
            "support": 4925.0
        },
        "weighted avg": {
            "precision": 0.8208487608241267,
            "recall": 0.8751269035532995,
            "f1-score": 0.8310243530487235,
            "support": 4925.0
        },
        "auroc": 0.6774398608574334,
        "auprc": 0.24161249522795053
    },
    "modality_usage_analysis": {
        "total_modality_requests": 4925,
        "average_modalities_per_patient": 1.0,
        "request_counts": {
            "patient_summary": 4925,
            "ehr_timeseries": 0,
            "cxr": 0,
            "radiology_report": 0
        },
        "percentage_of_patients_requesting_modality": {
            "patient_summary": 1.0,
            "ehr_timeseries": 0.0,
            "cxr": 0.0,
            "radiology_report": 0.0
        },
        "percentage_request_when_available": {
            "cxr": 0.0,
            "radiology_report": 0.0
        }
    },
    "total_patients_evaluated": 4925
}