{
    "in_hospital_mortality_metrics": {
        "Survived": {
            "precision": 0.8972278566599053,
            "recall": 0.9189750692520776,
            "f1-score": 0.9079712624016422,
            "support": 4332.0
        },
        "Mortality": {
            "precision": 0.2807377049180328,
            "recall": 0.23102866779089376,
            "f1-score": 0.2534690101757632,
            "support": 593.0
        },
        "accuracy": 0.8361421319796954,
        "macro avg": {
            "precision": 0.588982780788969,
            "recall": 0.5750018685214857,
            "f1-score": 0.5807201362887027,
            "support": 4925.0
        },
        "weighted avg": {
            "precision": 0.8229986871202241,
            "recall": 0.8361421319796954,
            "f1-score": 0.8291652044178968,
            "support": 4925.0
        },
        "auroc": 0.5826628066126974,
        "auprc": 0.1617600134680423
    },
    "modality_usage_analysis": {
        "total_modality_requests": 4925,
        "average_modalities_per_patient": 1.0,
        "request_counts": {
            "patient_summary": 4925,
            "ehr_timeseries": 0,
            "cxr": 0,
            "radiology_report": 0
        },
        "percentage_of_patients_requesting_modality": {
            "patient_summary": 1.0,
            "ehr_timeseries": 0.0,
            "cxr": 0.0,
            "radiology_report": 0.0
        },
        "percentage_request_when_available": {
            "cxr": 0.0,
            "radiology_report": 0.0
        }
    },
    "total_patients_evaluated": 4925
}