{
    "in_hospital_mortality_metrics": {
        "Survived": {
            "precision": 0.8825462012320329,
            "recall": 0.9921514312096029,
            "f1-score": 0.9341447511410563,
            "support": 4332.0
        },
        "Mortality": {
            "precision": 0.38181818181818183,
            "recall": 0.03541315345699832,
            "f1-score": 0.06481481481481481,
            "support": 593.0
        },
        "accuracy": 0.8769543147208122,
        "macro avg": {
            "precision": 0.6321821915251074,
            "recall": 0.5137822923333006,
            "f1-score": 0.49947978297793555,
            "support": 4925.0
        },
        "weighted avg": {
            "precision": 0.82225549757469,
            "recall": 0.8769543147208122,
            "f1-score": 0.8294721313965971,
            "support": 4925.0
        },
        "auroc": 0.6712700418393103,
        "auprc": 0.2324739295658583
    },
    "modality_usage_analysis": {
        "total_modality_requests": 4925,
        "average_modalities_per_patient": 1.0,
        "request_counts": {
            "patient_summary": 4925,
            "ehr_timeseries": 0,
            "cxr": 0,
            "radiology_report": 0
        },
        "percentage_of_patients_requesting_modality": {
            "patient_summary": 1.0,
            "ehr_timeseries": 0.0,
            "cxr": 0.0,
            "radiology_report": 0.0
        },
        "percentage_request_when_available": {
            "cxr": 0.0,
            "radiology_report": 0.0
        }
    },
    "total_patients_evaluated": 4925
}