{
    "in_hospital_mortality_metrics": {
        "Survived": {
            "precision": 0.8820155673904138,
            "recall": 0.9939981532779316,
            "f1-score": 0.9346646407640546,
            "support": 4332.0
        },
        "Mortality": {
            "precision": 0.3953488372093023,
            "recall": 0.02866779089376054,
            "f1-score": 0.05345911949685535,
            "support": 593.0
        },
        "accuracy": 0.8777664974619289,
        "macro avg": {
            "precision": 0.6386822022998581,
            "recall": 0.511332972085846,
            "f1-score": 0.494061880130455,
            "support": 4925.0
        },
        "weighted avg": {
            "precision": 0.823417928609216,
            "recall": 0.8777664974619289,
            "f1-score": 0.8285621282541158,
            "support": 4925.0
        },
        "auroc": 0.6729624162474173,
        "auprc": 0.23743296299243868
    },
    "modality_usage_analysis": {
        "total_modality_requests": 4925,
        "average_modalities_per_patient": 1.0,
        "request_counts": {
            "patient_summary": 4925,
            "ehr_timeseries": 0,
            "cxr": 0,
            "radiology_report": 0
        },
        "percentage_of_patients_requesting_modality": {
            "patient_summary": 1.0,
            "ehr_timeseries": 0.0,
            "cxr": 0.0,
            "radiology_report": 0.0
        },
        "percentage_request_when_available": {
            "cxr": 0.0,
            "radiology_report": 0.0
        }
    },
    "total_patients_evaluated": 4925
}