{
    "in_hospital_mortality_metrics": {
        "Survived": {
            "precision": 0.8873755893137768,
            "recall": 0.950084127874369,
            "f1-score": 0.9176598049837487,
            "support": 1783.0
        },
        "Mortality": {
            "precision": 0.1523809523809524,
            "recall": 0.06926406926406926,
            "f1-score": 0.09523809523809523,
            "support": 231.0
        },
        "accuracy": 0.8490566037735849,
        "macro avg": {
            "precision": 0.5198782708473646,
            "recall": 0.5096740985692192,
            "f1-score": 0.506448950110922,
            "support": 2014.0
        },
        "weighted avg": {
            "precision": 0.8030738211253545,
            "recall": 0.8490566037735849,
            "f1-score": 0.8233304033197735,
            "support": 2014.0
        },
        "auroc": 0.45955913594724584,
        "auprc": 0.11794572398542001
    },
    "modality_usage_analysis": {
        "total_modality_requests": 3504,
        "average_modalities_per_patient": 1.739821251241311,
        "request_counts": {
            "patient_summary": 2014,
            "ehr_timeseries": 1201,
            "cxr": 289,
            "radiology_report": 0
        },
        "percentage_of_patients_requesting_modality": {
            "patient_summary": 1.0,
            "ehr_timeseries": 0.5963257199602781,
            "cxr": 0.14349553128103276,
            "radiology_report": 0.0
        },
        "percentage_request_when_available": {
            "cxr": 0.6268980477223427,
            "radiology_report": 0.0
        }
    },
    "total_patients_evaluated": 2014
}