{
    "in_hospital_mortality_metrics": {
        "Survived": {
            "precision": 0.8853028798411122,
            "recall": 1.0,
            "f1-score": 0.9391624967079273,
            "support": 1783.0
        },
        "Mortality": {
            "precision": 0.0,
            "recall": 0.0,
            "f1-score": 0.0,
            "support": 231.0
        },
        "accuracy": 0.8853028798411122,
        "macro avg": {
            "precision": 0.4426514399205561,
            "recall": 0.5,
            "f1-score": 0.46958124835396364,
            "support": 2014.0
        },
        "weighted avg": {
            "precision": 0.7837611890549667,
            "recall": 0.8853028798411122,
            "f1-score": 0.831443262974297,
            "support": 2014.0
        },
        "auroc": 0.41875650989504043,
        "auprc": 0.09306699179361305
    },
    "modality_usage_analysis": {
        "total_modality_requests": 6503,
        "average_modalities_per_patient": 3.2288977159880834,
        "request_counts": {
            "patient_summary": 2014,
            "ehr_timeseries": 2014,
            "cxr": 461,
            "radiology_report": 2014
        },
        "percentage_of_patients_requesting_modality": {
            "patient_summary": 1.0,
            "ehr_timeseries": 1.0,
            "cxr": 0.22889771598808342,
            "radiology_report": 1.0
        },
        "percentage_request_when_available": {
            "cxr": 1.0,
            "radiology_report": 1.1023535851122057
        }
    },
    "total_patients_evaluated": 2014
}