{
    "in_hospital_mortality_metrics": {
        "Survived": {
            "precision": 0.8795939086294416,
            "recall": 1.0,
            "f1-score": 0.9359403694501458,
            "support": 4332.0
        },
        "Mortality": {
            "precision": 0.0,
            "recall": 0.0,
            "f1-score": 0.0,
            "support": 593.0
        },
        "accuracy": 0.8795939086294416,
        "macro avg": {
            "precision": 0.4397969543147208,
            "recall": 0.5,
            "f1-score": 0.4679701847250729,
            "support": 4925.0
        },
        "weighted avg": {
            "precision": 0.7736854440980184,
            "recall": 0.8795939086294416,
            "f1-score": 0.8232474478087374,
            "support": 4925.0
        },
        "auroc": 0.5293949571719305,
        "auprc": 0.14291013308149553
    },
    "modality_usage_analysis": {
        "total_modality_requests": 19700,
        "average_modalities_per_patient": 4.0,
        "request_counts": {
            "patient_summary": 4925,
            "ehr_timeseries": 4925,
            "cxr": 4925,
            "radiology_report": 4925
        },
        "percentage_of_patients_requesting_modality": {
            "patient_summary": 1.0,
            "ehr_timeseries": 1.0,
            "cxr": 1.0,
            "radiology_report": 1.0
        },
        "percentage_request_when_available": {
            "cxr": 4.195059625212947,
            "radiology_report": 1.1057476425684778
        }
    },
    "total_patients_evaluated": 4925
}