{
    "in_hospital_mortality_metrics": {
        "Survived": {
            "precision": 0.8798774259448416,
            "recall": 0.9942289935364728,
            "f1-score": 0.9335645388533651,
            "support": 4332.0
        },
        "Mortality": {
            "precision": 0.16666666666666666,
            "recall": 0.008431703204047217,
            "f1-score": 0.016051364365971106,
            "support": 593.0
        },
        "accuracy": 0.8755329949238578,
        "macro avg": {
            "precision": 0.5232720463057542,
            "recall": 0.50133034837026,
            "f1-score": 0.4748079516096681,
            "support": 4925.0
        },
        "weighted avg": {
            "precision": 0.7940025060967284,
            "recall": 0.8755329949238578,
            "f1-score": 0.8230903637323449,
            "support": 4925.0
        },
        "auroc": 0.616540268973668,
        "auprc": 0.17942874031983128
    },
    "phenotyping_metrics": {
        "Acute and unspecified renal failure": {
            "precision": 0.3382741116751269,
            "recall": 1.0,
            "f1-score": 0.5055378546502807,
            "support": 1666.0
        },
        "Acute cerebrovascular disease": {
            "precision": 0.07289340101522843,
            "recall": 1.0,
            "f1-score": 0.13588190764572294,
            "support": 359.0
        },
        "Acute myocardial infarction": {
            "precision": 0.09401015228426396,
            "recall": 1.0,
            "f1-score": 0.1718634001484781,
            "support": 463.0
        },
        "Cardiac dysrhythmias": {
            "precision": 0.36852791878172586,
            "recall": 1.0,
            "f1-score": 0.5385756676557863,
            "support": 1815.0
        },
        "Chronic kidney disease": {
            "precision": 0.22578680203045684,
            "recall": 1.0,
            "f1-score": 0.36839489812820936,
            "support": 1112.0
        },
        "Chronic obstructive pulmonary disease and bronchiectasis": {
            "precision": 0.1634517766497462,
            "recall": 1.0,
            "f1-score": 0.28097731239092494,
            "support": 805.0
        },
        "Complications of surgical procedures or medical care": {
            "precision": 0.2448730964467005,
            "recall": 1.0,
            "f1-score": 0.39341053661719133,
            "support": 1206.0
        },
        "Conduction disorders": {
            "precision": 0.11736040609137056,
            "recall": 1.0,
            "f1-score": 0.21006723605306196,
            "support": 578.0
        },
        "Congestive heart failure; nonhypertensive": {
            "precision": 0.296243654822335,
            "recall": 1.0,
            "f1-score": 0.45708020050125314,
            "support": 1459.0
        },
        "Coronary atherosclerosis and other heart disease": {
            "precision": 0.33908629441624366,
            "recall": 1.0,
            "f1-score": 0.5064442759666414,
            "support": 1670.0
        },
        "Diabetes mellitus with complications": {
            "precision": 0.11593908629441624,
            "recall": 1.0,
            "f1-score": 0.20778748180494905,
            "support": 571.0
        },
        "Diabetes mellitus without complication": {
            "precision": 0.1784771573604061,
            "recall": 1.0,
            "f1-score": 0.30289455547898003,
            "support": 879.0
        },
        "Disorders of lipid metabolism": {
            "precision": 0.4071065989847716,
            "recall": 1.0,
            "f1-score": 0.5786435786435786,
            "support": 2005.0
        },
        "Essential hypertension": {
            "precision": 0.4196954314720812,
            "recall": 1.0,
            "f1-score": 0.5912471395881007,
            "support": 2067.0
        },
        "Fluid and electrolyte disorders": {
            "precision": 0.4481218274111675,
            "recall": 1.0,
            "f1-score": 0.6189007291082446,
            "support": 2207.0
        },
        "Gastrointestinal hemorrhage": {
            "precision": 0.07126903553299492,
            "recall": 1.0,
            "f1-score": 0.13305534495830174,
            "support": 351.0
        },
        "Hypertension with complications and secondary hypertension": {
            "precision": 0.23817258883248732,
            "recall": 1.0,
            "f1-score": 0.3847163004263693,
            "support": 1173.0
        },
        "Other liver diseases": {
            "precision": 0.14781725888324873,
            "recall": 1.0,
            "f1-score": 0.25756235627100654,
            "support": 728.0
        },
        "Other lower respiratory disease": {
            "precision": 0.12304568527918781,
            "recall": 1.0,
            "f1-score": 0.21912854818296873,
            "support": 606.0
        },
        "Other upper respiratory disease": {
            "precision": 0.06030456852791878,
            "recall": 1.0,
            "f1-score": 0.11374952125622367,
            "support": 297.0
        },
        "Pleurisy; pneumothorax; pulmonary collapse": {
            "precision": 0.09299492385786802,
            "recall": 1.0,
            "f1-score": 0.17016533531488018,
            "support": 458.0
        },
        "Pneumonia (except that caused by tuberculosis or sexually transmitted disease)": {
            "precision": 0.1766497461928934,
            "recall": 1.0,
            "f1-score": 0.3002588438308887,
            "support": 870.0
        },
        "Respiratory failure; insufficiency; arrest (adult)": {
            "precision": 0.243248730964467,
            "recall": 1.0,
            "f1-score": 0.3913114486362894,
            "support": 1198.0
        },
        "Septicemia (except in labor)": {
            "precision": 0.20873096446700506,
            "recall": 1.0,
            "f1-score": 0.3453720813035444,
            "support": 1028.0
        },
        "Shock": {
            "precision": 0.17746192893401017,
            "recall": 1.0,
            "f1-score": 0.30143128125538887,
            "support": 874.0
        },
        "micro avg": {
            "precision": 0.21478172588832486,
            "recall": 1.0,
            "f1-score": 0.35361369258541153,
            "support": 26445.0
        },
        "macro avg": {
            "precision": 0.21478172588832486,
            "recall": 1.0,
            "f1-score": 0.3393783134326906,
            "support": 26445.0
        },
        "weighted avg": {
            "precision": 0.2762007384351968,
            "recall": 1.0,
            "f1-score": 0.4198920460805434,
            "support": 26445.0
        },
        "samples avg": {
            "precision": 0.21478172588832492,
            "recall": 0.9695431472081218,
            "f1-score": 0.3384956951974885,
            "support": 26445.0
        }
    },
    "modality_usage_analysis": {
        "total_modality_requests": 15949,
        "average_modalities_per_patient": 3.2383756345177663,
        "request_counts": {
            "patient_summary": 4925,
            "ehr_timeseries": 4925,
            "cxr": 1174,
            "radiology_report": 4925
        },
        "percentage_of_patients_requesting_modality": {
            "patient_summary": 1.0,
            "ehr_timeseries": 1.0,
            "cxr": 0.2383756345177665,
            "radiology_report": 1.0
        },
        "percentage_request_when_available": {
            "cxr": 0.2383756345177665,
            "radiology_report": 1.0
        }
    },
    "total_patients_evaluated": 4925
}