{
    "in_hospital_mortality_metrics": {
        "Survived": {
            "precision": 0.8948370715192552,
            "recall": 0.9762234533702677,
            "f1-score": 0.9337602119673217,
            "support": 4332.0
        },
        "Mortality": {
            "precision": 0.4824120603015075,
            "recall": 0.16188870151770657,
            "f1-score": 0.24242424242424243,
            "support": 593.0
        },
        "accuracy": 0.8781725888324873,
        "macro avg": {
            "precision": 0.6886245659103813,
            "recall": 0.5690560774439871,
            "f1-score": 0.588092227195782,
            "support": 4925.0
        },
        "weighted avg": {
            "precision": 0.8451785879350675,
            "recall": 0.8781725888324873,
            "f1-score": 0.8505191500507641,
            "support": 4925.0
        },
        "auroc": 0.7557842418240507,
        "auprc": 0.3305968477418906
    },
    "modality_usage_analysis": {
        "total_modality_requests": 15949,
        "average_modalities_per_patient": 3.2383756345177663,
        "request_counts": {
            "patient_summary": 4925,
            "ehr_timeseries": 4925,
            "cxr": 1174,
            "radiology_report": 4925
        },
        "percentage_of_patients_requesting_modality": {
            "patient_summary": 1.0,
            "ehr_timeseries": 1.0,
            "cxr": 0.2383756345177665,
            "radiology_report": 1.0
        },
        "percentage_request_when_available": {
            "cxr": 1.0,
            "radiology_report": 1.1057476425684778
        }
    },
    "total_patients_evaluated": 4925
}