{
    "in_hospital_mortality_metrics": {
        "Survived": {
            "precision": 0.8971313312415957,
            "recall": 0.9240535549399815,
            "f1-score": 0.9103934500795997,
            "support": 4332.0
        },
        "Mortality": {
            "precision": 0.2894168466522678,
            "recall": 0.22596964586846544,
            "f1-score": 0.2537878787878788,
            "support": 593.0
        },
        "accuracy": 0.84,
        "macro avg": {
            "precision": 0.5932740889469318,
            "recall": 0.5750116004042235,
            "f1-score": 0.5820906644337392,
            "support": 4925.0
        },
        "weighted avg": {
            "precision": 0.8239588054829213,
            "recall": 0.84,
            "f1-score": 0.8313341396682311,
            "support": 4925.0
        },
        "auroc": 0.6305831811266873,
        "auprc": 0.17816150023028393
    },
    "modality_usage_analysis": {
        "total_modality_requests": 9850,
        "average_modalities_per_patient": 2.0,
        "request_counts": {
            "patient_summary": 4925,
            "ehr_timeseries": 4925,
            "cxr": 0,
            "radiology_report": 0
        },
        "percentage_of_patients_requesting_modality": {
            "patient_summary": 1.0,
            "ehr_timeseries": 1.0,
            "cxr": 0.0,
            "radiology_report": 0.0
        },
        "percentage_request_when_available": {
            "cxr": 0.0,
            "radiology_report": 0.0
        }
    },
    "total_patients_evaluated": 4925
}