{
    "in_hospital_mortality_metrics": {
        "Survived": {
            "precision": 0.8837606837606837,
            "recall": 0.9547553093259464,
            "f1-score": 0.9178872614292055,
            "support": 4332.0
        },
        "Mortality": {
            "precision": 0.2,
            "recall": 0.08263069139966273,
            "f1-score": 0.11694510739856802,
            "support": 593.0
        },
        "accuracy": 0.849746192893401,
        "macro avg": {
            "precision": 0.5418803418803418,
            "recall": 0.5186930003628045,
            "f1-score": 0.5174161844138868,
            "support": 4925.0
        },
        "weighted avg": {
            "precision": 0.8014317323961994,
            "recall": 0.849746192893401,
            "f1-score": 0.8214489472484607,
            "support": 4925.0
        },
        "auroc": 0.4713213093975731,
        "auprc": 0.12892733678599758
    },
    "modality_usage_analysis": {
        "total_modality_requests": 8515,
        "average_modalities_per_patient": 1.7289340101522843,
        "request_counts": {
            "patient_summary": 4925,
            "ehr_timeseries": 2990,
            "cxr": 599,
            "radiology_report": 1
        },
        "percentage_of_patients_requesting_modality": {
            "patient_summary": 1.0,
            "ehr_timeseries": 0.6071065989847716,
            "cxr": 0.1216243654822335,
            "radiology_report": 0.0002030456852791878
        },
        "percentage_request_when_available": {
            "cxr": 0.510221465076661,
            "radiology_report": 0.000224517287831163
        }
    },
    "total_patients_evaluated": 4925
}