{
    "in_hospital_mortality_metrics": {
        "Survived": {
            "precision": 0.8796258641724278,
            "recall": 0.9986149584487535,
            "f1-score": 0.9353513513513514,
            "support": 4332.0
        },
        "Mortality": {
            "precision": 0.14285714285714285,
            "recall": 0.0016863406408094434,
            "f1-score": 0.0033333333333333335,
            "support": 593.0
        },
        "accuracy": 0.8785786802030456,
        "macro avg": {
            "precision": 0.5112415035147854,
            "recall": 0.5001506495447815,
            "f1-score": 0.46934234234234234,
            "support": 4925.0
        },
        "weighted avg": {
            "precision": 0.7909144221947703,
            "recall": 0.8785786802030456,
            "f1-score": 0.8231307047148672,
            "support": 4925.0
        },
        "auroc": 0.4310424092093196,
        "auprc": 0.10259946144639137
    },
    "modality_usage_analysis": {
        "total_modality_requests": 15949,
        "average_modalities_per_patient": 3.2383756345177663,
        "request_counts": {
            "patient_summary": 4925,
            "ehr_timeseries": 4925,
            "cxr": 1174,
            "radiology_report": 4925
        },
        "percentage_of_patients_requesting_modality": {
            "patient_summary": 1.0,
            "ehr_timeseries": 1.0,
            "cxr": 0.2383756345177665,
            "radiology_report": 1.0
        },
        "percentage_request_when_available": {
            "cxr": 1.0,
            "radiology_report": 1.1057476425684778
        }
    },
    "total_patients_evaluated": 4925
}